fecha,nombre,tienda,precio,objetivo,url
2026-04-26 16:05,Brocosulf 90 caps - Nutripraxis,Herbolario Saludnatural,80.23,75.0,https://www.herbolariosaludnatural.com/products/18108-brocosulf-nutripraxis-90-capsulas
2026-04-26 16:38,Brocosulf 90 caps - Nutripraxis,Herbolario Saludnatural,80.23,75.0,https://www.herbolariosaludnatural.com/products/18108-brocosulf-nutripraxis-90-capsulas
2026-04-27 13:09,Brocosulf 90 caps - Nutripraxis,Herbolario Saludnatural,80.23,75.0,https://www.herbolariosaludnatural.com/products/18108-brocosulf-nutripraxis-90-capsulas
2026-04-28 16:18,Brocosulf 90 caps - Nutripraxis,Herbolario Saludnatural,80.23,75.0,https://www.herbolariosaludnatural.com/products/18108-brocosulf-nutripraxis-90-capsulas
2026-04-29 13:11,Brocosulf 90 caps - Nutripraxis,Herbolario Saludnatural,80.23,75.0,https://www.herbolariosaludnatural.com/products/18108-brocosulf-nutripraxis-90-capsulas
2026-04-30 13:10,Brocosulf 90 caps - Nutripraxis,Herbolario Saludnatural,80.23,75.0,https://www.herbolariosaludnatural.com/products/18108-brocosulf-nutripraxis-90-capsulas
2026-05-01 11:43,Brocosulf 90 caps - Nutripraxis,Herbolario Saludnatural,80.23,75.0,https://www.herbolariosaludnatural.com/products/18108-brocosulf-nutripraxis-90-capsulas
2026-05-02 10:38,Brocosulf 90 caps - Nutripraxis,Herbolario Saludnatural,80.23,75.0,https://www.herbolariosaludnatural.com/products/18108-brocosulf-nutripraxis-90-capsulas
2026-05-03 11:08,Brocosulf 90 caps - Nutripraxis,Herbolario Saludnatural,80.23,75.0,https://www.herbolariosaludnatural.com/products/18108-brocosulf-nutripraxis-90-capsulas
2026-05-04 13:13,Brocosulf 90 caps - Nutripraxis,Herbolario Saludnatural,80.23,75.0,https://www.herbolariosaludnatural.com/products/18108-brocosulf-nutripraxis-90-capsulas
2026-05-05 11:52,Brocosulf 90 caps - Nutripraxis,Herbolario Saludnatural,80.23,75.0,https://www.herbolariosaludnatural.com/products/18108-brocosulf-nutripraxis-90-capsulas
2026-05-06 15:54,Brocosulf 90 caps - Nutripraxis,Herbolario Saludnatural,80.23,75.0,https://www.herbolariosaludnatural.com/products/18108-brocosulf-nutripraxis-90-capsulas
2026-05-07 15:56,Brocosulf 90 caps - Nutripraxis,Herbolario Saludnatural,80.23,75.0,https://www.herbolariosaludnatural.com/products/18108-brocosulf-nutripraxis-90-capsulas
2026-05-08 12:17,Brocosulf 90 caps - Nutripraxis,Herbolario Saludnatural,80.23,75.0,https://www.herbolariosaludnatural.com/products/18108-brocosulf-nutripraxis-90-capsulas
2026-05-09 11:14,Brocosulf 90 caps - Nutripraxis,Herbolario Saludnatural,80.23,75.0,https://www.herbolariosaludnatural.com/products/18108-brocosulf-nutripraxis-90-capsulas
2026-05-10 11:28,Brocosulf 90 caps - Nutripraxis,Herbolario Saludnatural,80.23,75.0,https://www.herbolariosaludnatural.com/products/18108-brocosulf-nutripraxis-90-capsulas
2026-05-11 17:14,Brocosulf 90 caps - Nutripraxis,Herbolario Saludnatural,80.23,75.0,https://www.herbolariosaludnatural.com/products/18108-brocosulf-nutripraxis-90-capsulas
2026-05-12 16:34,Brocosulf 90 caps - Nutripraxis,Herbolario Saludnatural,80.23,75.0,https://www.herbolariosaludnatural.com/products/18108-brocosulf-nutripraxis-90-capsulas
2026-05-13 16:35,Brocosulf 90 caps - Nutripraxis,Herbolario Saludnatural,80.23,75.0,https://www.herbolariosaludnatural.com/products/18108-brocosulf-nutripraxis-90-capsulas
2026-05-14 16:18,Brocosulf 90 caps - Nutripraxis,Herbolario Saludnatural,80.23,75.0,https://www.herbolariosaludnatural.com/products/18108-brocosulf-nutripraxis-90-capsulas
2026-05-15 15:51,Brocosulf 90 caps - Nutripraxis,Herbolario Saludnatural,80.23,75.0,https://www.herbolariosaludnatural.com/products/18108-brocosulf-nutripraxis-90-capsulas
2026-05-16 11:33,Brocosulf 90 caps - Nutripraxis,Herbolario Saludnatural,80.23,75.0,https://www.herbolariosaludnatural.com/products/18108-brocosulf-nutripraxis-90-capsulas
2026-05-17 11:43,Brocosulf 90 caps - Nutripraxis,Herbolario Saludnatural,80.23,75.0,https://www.herbolariosaludnatural.com/products/18108-brocosulf-nutripraxis-90-capsulas
2026-05-18 17:35,Brocosulf 90 caps - Nutripraxis,Herbolario Saludnatural,80.23,75.0,https://www.herbolariosaludnatural.com/products/18108-brocosulf-nutripraxis-90-capsulas
2026-05-19 17:44,Brocosulf 90 caps - Nutripraxis,Herbolario Saludnatural,80.23,75.0,https://www.herbolariosaludnatural.com/products/18108-brocosulf-nutripraxis-90-capsulas
2026-05-20 18:03,Brocosulf 90 caps - Nutripraxis,Herbolario Saludnatural,80.23,75.0,https://www.herbolariosaludnatural.com/products/18108-brocosulf-nutripraxis-90-capsulas
2026-05-21 17:33,Brocosulf 90 caps - Nutripraxis,Herbolario Saludnatural,80.23,75.0,https://www.herbolariosaludnatural.com/products/18108-brocosulf-nutripraxis-90-capsulas
2026-05-22 16:39,Brocosulf 90 caps - Nutripraxis,Herbolario Saludnatural,,75.0,https://www.herbolariosaludnatural.com/products/18108-brocosulf-nutripraxis-90-capsulas
2026-05-23 11:46,Brocosulf 90 caps - Nutripraxis,Herbolario Saludnatural,80.23,75.0,https://www.herbolariosaludnatural.com/products/18108-brocosulf-nutripraxis-90-capsulas
2026-05-24 11:54,Brocosulf 90 caps - Nutripraxis,Herbolario Saludnatural,80.23,75.0,https://www.herbolariosaludnatural.com/products/18108-brocosulf-nutripraxis-90-capsulas
2026-05-25 16:34,Brocosulf 90 caps - Nutripraxis,Herbolario Saludnatural,80.23,75.0,https://www.herbolariosaludnatural.com/products/18108-brocosulf-nutripraxis-90-capsulas
2026-05-26 18:10,Brocosulf 90 caps - Nutripraxis,Herbolario Saludnatural,80.23,75.0,https://www.herbolariosaludnatural.com/products/18108-brocosulf-nutripraxis-90-capsulas
2026-05-27 11:45,Brocosulf 90 caps - Nutripraxis,Herbolario Saludnatural,80.23,75.0,https://www.herbolariosaludnatural.com/products/18108-brocosulf-nutripraxis-90-capsulas
2026-05-28 11:45,Brocosulf 90 caps - Nutripraxis,Herbolario Saludnatural,80.23,75.0,https://www.herbolariosaludnatural.com/products/18108-brocosulf-nutripraxis-90-capsulas
2026-05-29 11:35,Brocosulf 90 caps - Nutripraxis,Herbolario Saludnatural,80.23,75.0,https://www.herbolariosaludnatural.com/products/18108-brocosulf-nutripraxis-90-capsulas
2026-05-30 10:07,Brocosulf 90 caps - Nutripraxis,Herbolario Saludnatural,80.23,75.0,https://www.herbolariosaludnatural.com/products/18108-brocosulf-nutripraxis-90-capsulas
2026-05-31 10:21,Brocosulf 90 caps - Nutripraxis,Herbolario Saludnatural,80.23,75.0,https://www.herbolariosaludnatural.com/products/18108-brocosulf-nutripraxis-90-capsulas
2026-06-01 13:45,Brocosulf 90 caps - Nutripraxis,Herbolario Saludnatural,80.23,75.0,https://www.herbolariosaludnatural.com/products/18108-brocosulf-nutripraxis-90-capsulas
2026-06-02 12:12,Brocosulf 90 caps - Nutripraxis,Herbolario Saludnatural,80.23,75.0,https://www.herbolariosaludnatural.com/products/18108-brocosulf-nutripraxis-90-capsulas
2026-06-03 12:48,Brocosulf 90 caps - Nutripraxis,Herbolario Saludnatural,80.23,75.0,https://www.herbolariosaludnatural.com/products/18108-brocosulf-nutripraxis-90-capsulas
2026-06-04 11:22,Brocosulf 90 caps - Nutripraxis,Herbolario Saludnatural,80.23,75.0,https://www.herbolariosaludnatural.com/products/18108-brocosulf-nutripraxis-90-capsulas
2026-06-05 11:34,Brocosulf 90 caps - Nutripraxis,Herbolario Saludnatural,80.23,75.0,https://www.herbolariosaludnatural.com/products/18108-brocosulf-nutripraxis-90-capsulas
2026-06-06 10:13,Brocosulf 90 caps - Nutripraxis,Herbolario Saludnatural,80.23,75.0,https://www.herbolariosaludnatural.com/products/18108-brocosulf-nutripraxis-90-capsulas
2026-06-07 10:33,Brocosulf 90 caps - Nutripraxis,Herbolario Saludnatural,80.23,75.0,https://www.herbolariosaludnatural.com/products/18108-brocosulf-nutripraxis-90-capsulas
2026-06-08 12:39,Brocosulf 90 caps - Nutripraxis,Herbolario Saludnatural,80.23,75.0,https://www.herbolariosaludnatural.com/products/18108-brocosulf-nutripraxis-90-capsulas
2026-06-09 11:24,Brocosulf 90 caps - Nutripraxis,Herbolario Saludnatural,80.23,75.0,https://www.herbolariosaludnatural.com/products/18108-brocosulf-nutripraxis-90-capsulas
2026-06-10 11:44,Brocosulf 90 caps - Nutripraxis,Herbolario Saludnatural,80.23,75.0,https://www.herbolariosaludnatural.com/products/18108-brocosulf-nutripraxis-90-capsulas
2026-06-11 12:15,Brocosulf 90 caps - Nutripraxis,Herbolario Saludnatural,80.23,75.0,https://www.herbolariosaludnatural.com/products/18108-brocosulf-nutripraxis-90-capsulas
2026-06-12 11:49,Brocosulf 90 caps - Nutripraxis,Herbolario Saludnatural,80.23,75.0,https://www.herbolariosaludnatural.com/products/18108-brocosulf-nutripraxis-90-capsulas
2026-06-13 10:34,Brocosulf 90 caps - Nutripraxis,Herbolario Saludnatural,80.23,75.0,https://www.herbolariosaludnatural.com/products/18108-brocosulf-nutripraxis-90-capsulas
2026-06-14 10:52,Brocosulf 90 caps - Nutripraxis,Herbolario Saludnatural,80.23,75.0,https://www.herbolariosaludnatural.com/products/18108-brocosulf-nutripraxis-90-capsulas
2026-06-15 14:30,Brocosulf 90 caps - Nutripraxis,Herbolario Saludnatural,80.23,75.0,https://www.herbolariosaludnatural.com/products/18108-brocosulf-nutripraxis-90-capsulas
2026-06-16 13:00,Brocosulf 90 caps - Nutripraxis,Herbolario Saludnatural,80.23,75.0,https://www.herbolariosaludnatural.com/products/18108-brocosulf-nutripraxis-90-capsulas
2026-06-17 12:22,Brocosulf 90 caps - Nutripraxis,Herbolario Saludnatural,80.23,75.0,https://www.herbolariosaludnatural.com/products/18108-brocosulf-nutripraxis-90-capsulas
2026-06-18 11:55,Brocosulf 90 caps - Nutripraxis,Herbolario Saludnatural,80.23,75.0,https://www.herbolariosaludnatural.com/products/18108-brocosulf-nutripraxis-90-capsulas
2026-06-19 12:14,Brocosulf 90 caps - Nutripraxis,Herbolario Saludnatural,80.23,75.0,https://www.herbolariosaludnatural.com/products/18108-brocosulf-nutripraxis-90-capsulas
2026-06-20 10:37,Brocosulf 90 caps - Nutripraxis,Herbolario Saludnatural,80.23,75.0,https://www.herbolariosaludnatural.com/products/18108-brocosulf-nutripraxis-90-capsulas
2026-06-21 11:21,Brocosulf 90 caps - Nutripraxis,Herbolario Saludnatural,80.23,75.0,https://www.herbolariosaludnatural.com/products/18108-brocosulf-nutripraxis-90-capsulas
2026-06-22 13:41,Brocosulf 90 caps - Nutripraxis,Herbolario Saludnatural,80.23,75.0,https://www.herbolariosaludnatural.com/products/18108-brocosulf-nutripraxis-90-capsulas
2026-06-23 11:24,Brocosulf 90 caps - Nutripraxis,Herbolario Saludnatural,80.23,75.0,https://www.herbolariosaludnatural.com/products/18108-brocosulf-nutripraxis-90-capsulas
2026-06-24 11:10,Brocosulf 90 caps - Nutripraxis,Herbolario Saludnatural,80.23,75.0,https://www.herbolariosaludnatural.com/products/18108-brocosulf-nutripraxis-90-capsulas
2026-06-25 10:49,Brocosulf 90 caps - Nutripraxis,Herbolario Saludnatural,80.23,75.0,https://www.herbolariosaludnatural.com/products/18108-brocosulf-nutripraxis-90-capsulas
2026-06-26 10:57,Brocosulf 90 caps - Nutripraxis,Herbolario Saludnatural,80.23,75.0,https://www.herbolariosaludnatural.com/products/18108-brocosulf-nutripraxis-90-capsulas
2026-06-27 10:17,Brocosulf 90 caps - Nutripraxis,Herbolario Saludnatural,80.23,75.0,https://www.herbolariosaludnatural.com/products/18108-brocosulf-nutripraxis-90-capsulas
2026-06-28 10:31,Brocosulf 90 caps - Nutripraxis,Herbolario Saludnatural,80.23,75.0,https://www.herbolariosaludnatural.com/products/18108-brocosulf-nutripraxis-90-capsulas
2026-06-29 12:40,Brocosulf 90 caps - Nutripraxis,Herbolario Saludnatural,80.23,75.0,https://www.herbolariosaludnatural.com/products/18108-brocosulf-nutripraxis-90-capsulas
2026-06-30 11:16,Brocosulf 90 caps - Nutripraxis,Herbolario Saludnatural,80.23,75.0,https://www.herbolariosaludnatural.com/products/18108-brocosulf-nutripraxis-90-capsulas
2026-07-01 11:30,Brocosulf 90 caps - Nutripraxis,Herbolario Saludnatural,80.23,75.0,https://www.herbolariosaludnatural.com/products/18108-brocosulf-nutripraxis-90-capsulas
2026-07-02 10:48,Brocosulf 90 caps - Nutripraxis,Herbolario Saludnatural,80.23,75.0,https://www.herbolariosaludnatural.com/products/18108-brocosulf-nutripraxis-90-capsulas
2026-07-03 10:45,Brocosulf 90 caps - Nutripraxis,Herbolario Saludnatural,80.23,75.0,https://www.herbolariosaludnatural.com/products/18108-brocosulf-nutripraxis-90-capsulas
2026-07-04 10:19,Brocosulf 90 caps - Nutripraxis,Herbolario Saludnatural,80.23,75.0,https://www.herbolariosaludnatural.com/products/18108-brocosulf-nutripraxis-90-capsulas
2026-07-05 10:23,Brocosulf 90 caps - Nutripraxis,Herbolario Saludnatural,80.23,75.0,https://www.herbolariosaludnatural.com/products/18108-brocosulf-nutripraxis-90-capsulas
2026-07-06 12:11,Brocosulf 90 caps - Nutripraxis,Herbolario Saludnatural,80.23,75.0,https://www.herbolariosaludnatural.com/products/18108-brocosulf-nutripraxis-90-capsulas
2026-07-07 11:15,Brocosulf 90 caps - Nutripraxis,Herbolario Saludnatural,80.23,75.0,https://www.herbolariosaludnatural.com/products/18108-brocosulf-nutripraxis-90-capsulas
2026-07-08 10:26,Brocosulf 90 caps - Nutripraxis,Herbolario Saludnatural,80.23,75.0,https://www.herbolariosaludnatural.com/products/18108-brocosulf-nutripraxis-90-capsulas
2026-07-09 11:23,Brocosulf 90 caps - Nutripraxis,Herbolario Saludnatural,80.23,75.0,https://www.herbolariosaludnatural.com/products/18108-brocosulf-nutripraxis-90-capsulas
2026-07-10 11:12,Brocosulf 90 caps - Nutripraxis,Herbolario Saludnatural,80.23,75.0,https://www.herbolariosaludnatural.com/products/18108-brocosulf-nutripraxis-90-capsulas
2026-07-11 09:44,Brocosulf 90 caps - Nutripraxis,Herbolario Saludnatural,80.23,75.0,https://www.herbolariosaludnatural.com/products/18108-brocosulf-nutripraxis-90-capsulas
2026-07-12 09:57,Brocosulf 90 caps - Nutripraxis,Herbolario Saludnatural,80.23,75.0,https://www.herbolariosaludnatural.com/products/18108-brocosulf-nutripraxis-90-capsulas
2026-07-13 11:21,Brocosulf 90 caps - Nutripraxis,Herbolario Saludnatural,80.23,75.0,https://www.herbolariosaludnatural.com/products/18108-brocosulf-nutripraxis-90-capsulas
2026-07-14 10:05,Brocosulf 90 caps - Nutripraxis,Herbolario Saludnatural,80.23,75.0,https://www.herbolariosaludnatural.com/products/18108-brocosulf-nutripraxis-90-capsulas
2026-07-15 10:09,Brocosulf 90 caps - Nutripraxis,Herbolario Saludnatural,80.23,75.0,https://www.herbolariosaludnatural.com/products/18108-brocosulf-nutripraxis-90-capsulas
2026-07-16 10:18,Brocosulf 90 caps - Nutripraxis,Herbolario Saludnatural,80.23,75.0,https://www.herbolariosaludnatural.com/products/18108-brocosulf-nutripraxis-90-capsulas
2026-07-17 10:05,Brocosulf 90 caps - Nutripraxis,Herbolario Saludnatural,80.23,75.0,https://www.herbolariosaludnatural.com/products/18108-brocosulf-nutripraxis-90-capsulas
2026-07-18 09:40,Brocosulf 90 caps - Nutripraxis,Herbolario Saludnatural,80.23,75.0,https://www.herbolariosaludnatural.com/products/18108-brocosulf-nutripraxis-90-capsulas
2026-07-19 09:58,Brocosulf 90 caps - Nutripraxis,Herbolario Saludnatural,80.23,75.0,https://www.herbolariosaludnatural.com/products/18108-brocosulf-nutripraxis-90-capsulas
2026-07-20 11:08,Brocosulf 90 caps - Nutripraxis,Herbolario Saludnatural,80.23,75.0,https://www.herbolariosaludnatural.com/products/18108-brocosulf-nutripraxis-90-capsulas
2026-07-21 10:30,Brocosulf 90 caps - Nutripraxis,Herbolario Saludnatural,80.23,75.0,https://www.herbolariosaludnatural.com/products/18108-brocosulf-nutripraxis-90-capsulas
2026-07-22 10:31,Brocosulf 90 caps - Nutripraxis,Herbolario Saludnatural,80.23,75.0,https://www.herbolariosaludnatural.com/products/18108-brocosulf-nutripraxis-90-capsulas
2026-07-23 10:31,Brocosulf 90 caps - Nutripraxis,Herbolario Saludnatural,80.23,75.0,https://www.herbolariosaludnatural.com/products/18108-brocosulf-nutripraxis-90-capsulas
2026-07-24 10:25,Brocosulf 90 caps - Nutripraxis,Herbolario Saludnatural,80.23,75.0,https://www.herbolariosaludnatural.com/products/18108-brocosulf-nutripraxis-90-capsulas
2026-07-25 09:55,Brocosulf 90 caps - Nutripraxis,Herbolario Saludnatural,80.23,75.0,https://www.herbolariosaludnatural.com/products/18108-brocosulf-nutripraxis-90-capsulas
2026-07-26 10:07,Brocosulf 90 caps - Nutripraxis,Herbolario Saludnatural,80.23,75.0,https://www.herbolariosaludnatural.com/products/18108-brocosulf-nutripraxis-90-capsulas
2026-07-27 11:32,Brocosulf 90 caps - Nutripraxis,Herbolario Saludnatural,80.23,75.0,https://www.herbolariosaludnatural.com/products/18108-brocosulf-nutripraxis-90-capsulas
2026-07-28 10:41,Brocosulf 90 caps - Nutripraxis,Herbolario Saludnatural,80.23,75.0,https://www.herbolariosaludnatural.com/products/18108-brocosulf-nutripraxis-90-capsulas
2026-07-29 10:45,Brocosulf 90 caps - Nutripraxis,Herbolario Saludnatural,80.23,75.0,https://www.herbolariosaludnatural.com/products/18108-brocosulf-nutripraxis-90-capsulas
2026-07-30 10:31,Brocosulf 90 caps - Nutripraxis,Herbolario Saludnatural,80.23,75.0,https://www.herbolariosaludnatural.com/products/18108-brocosulf-nutripraxis-90-capsulas
2026-07-31 10:46,Brocosulf 90 caps - Nutripraxis,Herbolario Saludnatural,80.23,75.0,https://www.herbolariosaludnatural.com/products/18108-brocosulf-nutripraxis-90-capsulas
2026-08-01 10:05,Brocosulf 90 caps - Nutripraxis,Herbolario Saludnatural,80.23,75.0,https://www.herbolariosaludnatural.com/products/18108-brocosulf-nutripraxis-90-capsulas
2026-08-02 10:04,Brocosulf 90 caps - Nutripraxis,Herbolario Saludnatural,80.23,75.0,https://www.herbolariosaludnatural.com/products/18108-brocosulf-nutripraxis-90-capsulas
2026-08-03 11:35,Brocosulf 90 caps - Nutripraxis,Herbolario Saludnatural,80.23,75.0,https://www.herbolariosaludnatural.com/products/18108-brocosulf-nutripraxis-90-capsulas
2026-08-04 10:46,Brocosulf 90 caps - Nutripraxis,Herbolario Saludnatural,80.23,75.0,https://www.herbolariosaludnatural.com/products/18108-brocosulf-nutripraxis-90-capsulas
2026-08-05 10:43,Brocosulf 90 caps - Nutripraxis,Herbolario Saludnatural,80.23,75.0,https://www.herbolariosaludnatural.com/products/18108-brocosulf-nutripraxis-90-capsulas
2026-08-06 10:46,Brocosulf 90 caps - Nutripraxis,Herbolario Saludnatural,80.23,75.0,https://www.herbolariosaludnatural.com/products/18108-brocosulf-nutripraxis-90-capsulas
2026-08-07 09:07,Brocosulf 90 caps - Nutripraxis,Herbolario Saludnatural,80.23,75.0,https://www.herbolariosaludnatural.com/products/18108-brocosulf-nutripraxis-90-capsulas
2026-08-08 08:51,Brocosulf 90 caps - Nutripraxis,Herbolario Saludnatural,80.23,75.0,https://www.herbolariosaludnatural.com/products/18108-brocosulf-nutripraxis-90-capsulas
2026-08-09 08:53,Brocosulf 90 caps - Nutripraxis,Herbolario Saludnatural,80.23,75.0,https://www.herbolariosaludnatural.com/products/18108-brocosulf-nutripraxis-90-capsulas
2026-08-10 09:40,Brocosulf 90 caps - Nutripraxis,Herbolario Saludnatural,80.23,75.0,https://www.herbolariosaludnatural.com/products/18108-brocosulf-nutripraxis-90-capsulas
2026-08-11 09:07,Brocosulf 90 caps - Nutripraxis,Herbolario Saludnatural,80.23,75.0,https://www.herbolariosaludnatural.com/products/18108-brocosulf-nutripraxis-90-capsulas
2026-08-12 09:18,Brocosulf 90 caps - Nutripraxis,Herbolario Saludnatural,80.23,75.0,https://www.herbolariosaludnatural.com/products/18108-brocosulf-nutripraxis-90-capsulas
2026-08-13 09:19,Brocosulf 90 caps - Nutripraxis,Herbolario Saludnatural,80.23,75.0,https://www.herbolariosaludnatural.com/products/18108-brocosulf-nutripraxis-90-capsulas
2026-08-14 09:13,Brocosulf 90 caps - Nutripraxis,Herbolario Saludnatural,80.23,75.0,https://www.herbolariosaludnatural.com/products/18108-brocosulf-nutripraxis-90-capsulas
2026-08-15 08:37,Brocosulf 90 caps - Nutripraxis,Herbolario Saludnatural,80.23,75.0,https://www.herbolariosaludnatural.com/products/18108-brocosulf-nutripraxis-90-capsulas
2026-08-16 08:37,Brocosulf 90 caps - Nutripraxis,Herbolario Saludnatural,80.23,75.0,https://www.herbolariosaludnatural.com/products/18108-brocosulf-nutripraxis-90-capsulas
2026-08-17 08:52,Brocosulf 90 caps - Nutripraxis,Herbolario Saludnatural,80.23,75.0,https://www.herbolariosaludnatural.com/products/18108-brocosulf-nutripraxis-90-capsulas
2026-08-18 08:45,Brocosulf 90 caps - Nutripraxis,Herbolario Saludnatural,80.23,75.0,https://www.herbolariosaludnatural.com/products/18108-brocosulf-nutripraxis-90-capsulas
2026-08-19 08:46,Brocosulf 90 caps - Nutripraxis,Herbolario Saludnatural,80.23,75.0,https://www.herbolariosaludnatural.com/products/18108-brocosulf-nutripraxis-90-capsulas
2026-08-20 08:48,Brocosulf 90 caps - Nutripraxis,Herbolario Saludnatural,80.23,75.0,https://www.herbolariosaludnatural.com/products/18108-brocosulf-nutripraxis-90-capsulas
2026-08-21 08:50,Brocosulf 90 caps - Nutripraxis,Herbolario Saludnatural,80.23,75.0,https://www.herbolariosaludnatural.com/products/18108-brocosulf-nutripraxis-90-capsulas
2026-08-22 08:38,Brocosulf 90 caps - Nutripraxis,Herbolario Saludnatural,80.23,75.0,https://www.herbolariosaludnatural.com/products/18108-brocosulf-nutripraxis-90-capsulas
2026-08-23 08:38,Brocosulf 90 caps - Nutripraxis,Herbolario Saludnatural,80.23,75.0,https://www.herbolariosaludnatural.com/products/18108-brocosulf-nutripraxis-90-capsulas
2026-08-24 08:56,Brocosulf 90 caps - Nutripraxis,Herbolario Saludnatural,80.23,75.0,https://www.herbolariosaludnatural.com/products/18108-brocosulf-nutripraxis-90-capsulas
2026-08-25 08:51,Brocosulf 90 caps - Nutripraxis,Herbolario Saludnatural,80.23,75.0,https://www.herbolariosaludnatural.com/products/18108-brocosulf-nutripraxis-90-capsulas
2026-08-26 08:52,Brocosulf 90 caps - Nutripraxis,Herbolario Saludnatural,80.23,75.0,https://www.herbolariosaludnatural.com/products/18108-brocosulf-nutripraxis-90-capsulas
2026-08-27 19:00,Brocosulf 90 caps - Nutripraxis,Herbolario Saludnatural,80.23,75.0,https://www.herbolariosaludnatural.com/products/18108-brocosulf-nutripraxis-90-capsulas
2026-08-28 20:09,Brocosulf 90 caps - Nutripraxis,Herbolario Saludnatural,80.23,75.0,https://www.herbolariosaludnatural.com/products/18108-brocosulf-nutripraxis-90-capsulas
2026-08-29 13:46,Brocosulf 90 caps - Nutripraxis,Herbolario Saludnatural,80.23,75.0,https://www.herbolariosaludnatural.com/products/18108-brocosulf-nutripraxis-90-capsulas
2026-08-30 13:44,Brocosulf 90 caps - Nutripraxis,Herbolario Saludnatural,80.23,75.0,https://www.herbolariosaludnatural.com/products/18108-brocosulf-nutripraxis-90-capsulas
2026-08-31 16:05,Brocosulf 90 caps - Nutripraxis,Herbolario Saludnatural,80.23,75.0,https://www.herbolariosaludnatural.com/products/18108-brocosulf-nutripraxis-90-capsulas
2026-09-01 13:25,Brocosulf 90 caps - Nutripraxis,Herbolario Saludnatural,80.23,75.0,https://www.herbolariosaludnatural.com/products/18108-brocosulf-nutripraxis-90-capsulas
2026-09-02 12:42,Brocosulf 90 caps - Nutripraxis,Herbolario Saludnatural,80.23,75.0,https://www.herbolariosaludnatural.com/products/18108-brocosulf-nutripraxis-90-capsulas
2026-09-03 12:45,Brocosulf 90 caps - Nutripraxis,Herbolario Saludnatural,80.23,75.0,https://www.herbolariosaludnatural.com/products/18108-brocosulf-nutripraxis-90-capsulas
